Brand,Series
Acer,Aspire 1
Acer,Aspire 3
Acer,Aspire 5
Acer,Aspire 7
Acer,Aspire
Acer,Chromebook 11
Acer,Chromebook 3
Acer,Chromebook
Acer,Elitebook
Acer,Nitro
Acer,Pavilion
Acer,Predator 17
Acer,Predator 15
Acer,Predator
Acer,Swift 7
Acer,Swift 5
Acer,Swift 3
Acer,Swift 1
Acer,Swift
Acer,TM
Acer,TravelMate B
Acer,TravelMate P
Acer,TravelMate
Acer,V310-15
Acer,V310 15
Acer,V310
Acer,V320-17
Acer,V320 17
Acer,V320
Apple,MBP
Apple,MB
Apple,MBA
Apple,MacBook
Apple,MacBook Pro
Apple,MacBook Air
Apple,MacBook 12
Apple,MacBook Pro 13
Apple,MacBook Pro 15
Apple,MacBook Pro 16
Apple,MacBook Pro 13inch
Apple,MacBook Pro 15inch
Apple,MacBook Pro 16inch
Apple,MacBook Pro 13 inch
Apple,MacBook Pro 15 inch
Apple,MacBook Pro 16 inch
Apple,iPad
Apple,iPad Pro
Asus,A
Asus,Bing
Asus,Bing X
Asus,Chromebook N23
Asus,Chromebook
Asus,Eee
Asus,Eeebook
Asus,Extensa
Asus,Rog
Asus,Transformer
Asus,Vivo
Asus,VivoBook
Asus,VivoBook 15
Asus,VivoBook 14
Asus,X
Asus,ZenBook
Asus,ZenBook Pro
Asus,FX
Asus,ZX
Asus,TUF
Asus,StudioBook
Dell,Inspiron
Dell,Inspiron 15
Dell,Alienware
Dell,Alienware 13
Dell,Alienware 14
Dell,Alienware 15
Dell,Alienware 17
Dell,Alienware 18
Dell,Chromebook 13
Dell,Chromebook 14
Dell,Chromebook 15
Dell,Chromebook
Dell,Latitude
Dell,Precision
Dell,XPS
Dell,XPS 13
Dell,XPS 15
Dell,XPS 17
Dell,Vostro
HP,Envy
HP,Envy Touchsmart
HP,Omen
HP,Imprint
HP,Spectre
HP,Touchsmart
HP,Pavilion
HP,Elitebook
HP,zBook
Huawei,MateBook
Huawei,Matebook Pro
Huawei,Matebook X Pro
Huawei,Matebook D
Lenovo,Ideapad
Lenovo,ThinkPad
Lenovo,Yoga
Lenovo,Essential
Lenovo,Chromebook
Lenovo,ThinkPad T
Lenovo,ThinkPad X
Lenovo,T
Lenovo,X
Lenovo,LifeBook
LG,Gram
Samsung,Chromebook
Samsung,Chromebook Pro
Microsoft,Surface
Microsoft,Surface Pro
Microsoft,Surface 2
ANY,12 inch
ANY,13 inch
ANY,14 inch
ANY,15 inch
ANY,16 inch
ANY,17 inch